{
  "version": 1,
  "author": "Khadiga Abdelkarim Hamid Idris",
  "editor": "wokwi",
  "parts": [
    { "type": "board-esp32-devkit-c-v4", "id": "esp", "top": -76.8, "left": -4.76, "attrs": {} },
    {
      "type": "wokwi-hc-sr04",
      "id": "ultrasonic1",
      "top": -219.3,
      "left": 120.7,
      "attrs": { "distance": "2" }
    },
    { "type": "wokwi-led", "id": "led1", "top": -90, "left": 253.4, "attrs": { "color": "red" } },
    {
      "type": "wokwi-resistor",
      "id": "r1",
      "top": 61.55,
      "left": 124.8,
      "attrs": { "value": "330" }
    },
    {
      "type": "wokwi-resistor",
      "id": "r4",
      "top": 42.35,
      "left": -86.4,
      "attrs": { "value": "330" }
    },
    { "type": "wokwi-led", "id": "led2", "top": 6, "left": -121, "attrs": { "color": "green" } },
    {
      "type": "wokwi-pir-motion-sensor",
      "id": "pir1",
      "top": -197.6,
      "left": -218.58,
      "attrs": {}
    }
  ],
  "connections": [
    [ "esp:TX", "$serialMonitor:RX", "", [] ],
    [ "esp:RX", "$serialMonitor:TX", "", [] ],
    [ "ultrasonic1:VCC", "esp:5V", "red", [ "v278.4", "h-144.15" ] ],
    [ "ultrasonic1:GND", "esp:GND.3", "black", [ "v0" ] ],
    [ "ultrasonic1:TRIG", "esp:5", "green", [ "v96", "h-0.4", "v9.6" ] ],
    [ "ultrasonic1:ECHO", "esp:18", "green", [ "v153.6", "h-116" ] ],
    [ "led1:C", "esp:GND.2", "green", [ "h-47.6", "v-38.4" ] ],
    [ "led1:A", "r1:2", "green", [ "v0" ] ],
    [ "r1:1", "esp:4", "green", [ "v0" ] ],
    [ "led2:A", "r4:1", "green", [ "v0" ] ],
    [ "r4:2", "esp:27", "green", [ "v0" ] ],
    [ "led2:C", "esp:GND.1", "green", [ "v0" ] ],
    [ "pir1:VCC", "esp:5V", "red", [ "v220.8", "h67.2" ] ],
    [ "pir1:GND", "esp:GND.1", "black", [ "v0" ] ],
    [ "pir1:OUT", "esp:34", "green", [ "v0" ] ]
  ],
  "dependencies": {}
}